TYPE; ASAP; ALAP; SLACK; A; TYPE; ASAP; ALAP; SLACK; B
UNKNOWN; -1; -1; -1; -1; OUTPUT; 15; 17; 2; 180
OUTPUT; 15; 17; 2; 180; INTERNAL; 14; 16; 2; 54
INTERNAL; 14; 16; 2; 54; INTERNAL; 12; 14; 2; 53
INTERNAL; 12; 14; 2; 53; INTERNAL; 11; 13; 2; 318
INTERNAL; 11; 13; 2; 318; INTERNAL; 10; 12; 2; 63
INTERNAL; 10; 12; 2; 63; INTERNAL; 8; 11; 3; 102
INTERNAL; 8; 11; 3; 102; INTERNAL; 5; 10; 5; 58
INTERNAL; 5; 10; 5; 58; INTERNAL; 3; 6; 3; 82
INTERNAL; 3; 6; 3; 82; INPUT; 1; 4; 3; 776
INTERNAL; 3; 6; 3; 82; INTERNAL; 2; 5; 3; 970
INTERNAL; 2; 5; 3; 970; INPUT; 1; 4; 3; 777
INTERNAL; 2; 5; 3; 970; INPUT; 1; 4; 3; 453
INTERNAL; 2; 5; 3; 970; INPUT; 1; 4; 3; 967
INTERNAL; 2; 5; 3; 970; INPUT; 1; 4; 3; 798
INTERNAL; 2; 5; 3; 970; INPUT; 1; 4; 3; 784
INTERNAL; 2; 5; 3; 970; INPUT; 1; 4; 3; 746
INTERNAL; 5; 10; 5; 58; INTERNAL; 3; 6; 3; 1006
INTERNAL; 3; 6; 3; 1006; INPUT; 1; 3; 2; 458
INTERNAL; 3; 6; 3; 1006; INPUT; 1; 2; 1; 551
INTERNAL; 3; 6; 3; 1006; INTERNAL; 2; 2; 0; 547
INTERNAL; 2; 2; 0; 547; INPUT; 1; 1; 0; 981
INTERNAL; 2; 2; 0; 547; INPUT; 1; 1; 0; 368
INTERNAL; 3; 6; 3; 1006; INPUT; 1; 3; 2; 582
INTERNAL; 3; 6; 3; 1006; INTERNAL; 2; 4; 2; 712
INTERNAL; 2; 4; 2; 712; INPUT; 1; 2; 1; 470
INTERNAL; 3; 6; 3; 1006; INPUT; 1; 3; 2; 587
INTERNAL; 5; 10; 5; 58; INTERNAL; 3; 6; 3; 585
INTERNAL; 3; 6; 3; 585; INPUT; 1; 3; 2; 529
INTERNAL; 3; 6; 3; 585; INPUT; 1; 4; 3; 1002
INTERNAL; 3; 6; 3; 585; INPUT; 1; 4; 3; 774
INTERNAL; 3; 6; 3; 585; INTERNAL; 2; 5; 3; 691
INTERNAL; 2; 5; 3; 691; INPUT; 1; 2; 1; 731
INTERNAL; 2; 5; 3; 691; INPUT; 1; 2; 1; 692
INTERNAL; 2; 5; 3; 691; INPUT; 1; 3; 2; 647
INTERNAL; 3; 6; 3; 585; INPUT; 1; 3; 2; 477
INTERNAL; 5; 10; 5; 58; INTERNAL; 2; 7; 5; 56
INTERNAL; 2; 7; 5; 56; INPUT; 1; 3; 2; 738
INTERNAL; 2; 7; 5; 56; INPUT; 1; 3; 2; 724
INTERNAL; 2; 7; 5; 56; INPUT; 1; 3; 2; 763
INTERNAL; 2; 7; 5; 56; INPUT; 1; 3; 2; 764
INTERNAL; 2; 7; 5; 56; INPUT; 1; 2; 1; 681
INTERNAL; 5; 10; 5; 58; INTERNAL; 4; 7; 3; 83
INTERNAL; 4; 7; 3; 83; INPUT; 1; 3; 2; 422
INTERNAL; 4; 7; 3; 83; INTERNAL; 3; 6; 3; 884
INTERNAL; 3; 6; 3; 884; INTERNAL; 2; 5; 3; 819
INTERNAL; 2; 5; 3; 819; INPUT; 1; 3; 2; 790
INTERNAL; 2; 5; 3; 819; INPUT; 1; 3; 2; 427
INTERNAL; 3; 6; 3; 884; INPUT; 1; 3; 2; 504
INTERNAL; 3; 6; 3; 884; INPUT; 1; 3; 2; 578
INTERNAL; 4; 7; 3; 83; INPUT; 1; 3; 2; 423
INTERNAL; 4; 7; 3; 83; INPUT; 1; 3; 2; 417
INTERNAL; 4; 7; 3; 83; INPUT; 1; 3; 2; 420
INTERNAL; 8; 11; 3; 102; INTERNAL; 6; 10; 4; 59
INTERNAL; 6; 10; 4; 59; INTERNAL; 4; 6; 2; 474
INTERNAL; 4; 6; 2; 474; INTERNAL; 3; 5; 2; 492
INTERNAL; 3; 5; 2; 492; INTERNAL; 2; 3; 1; 542
INTERNAL; 4; 6; 2; 474; INPUT; 1; 3; 2; 752
INTERNAL; 4; 6; 2; 474; INTERNAL; 3; 5; 2; 497
INTERNAL; 6; 10; 4; 59; INTERNAL; 3; 6; 3; 413
INTERNAL; 6; 10; 4; 59; INTERNAL; 5; 7; 2; 310
INTERNAL; 5; 7; 2; 310; INTERNAL; 3; 4; 1; 569
INTERNAL; 5; 7; 2; 310; INTERNAL; 2; 4; 2; 630
INTERNAL; 2; 4; 2; 630; INPUT; 1; 3; 2; 616
INTERNAL; 5; 7; 2; 310; INTERNAL; 4; 4; 0; 575
INTERNAL; 4; 4; 0; 575; INTERNAL; 3; 3; 0; 349
INTERNAL; 6; 10; 4; 59; INTERNAL; 5; 6; 1; 188
INTERNAL; 5; 6; 1; 188; INTERNAL; 2; 4; 2; 1059
INTERNAL; 6; 10; 4; 59; INTERNAL; 2; 4; 2; 552
INTERNAL; 2; 4; 2; 552; INPUT; 1; 3; 2; 541
INTERNAL; 2; 4; 2; 552; INPUT; 1; 3; 2; 590
INTERNAL; 8; 11; 3; 102; INTERNAL; 7; 10; 3; 61
INTERNAL; 7; 10; 3; 61; INTERNAL; 6; 9; 3; 57
INTERNAL; 6; 9; 3; 57; INTERNAL; 2; 7; 5; 920
INTERNAL; 2; 7; 5; 920; INPUT; 1; 3; 2; 885
INTERNAL; 2; 7; 5; 920; INPUT; 1; 3; 2; 734
INTERNAL; 2; 7; 5; 920; INPUT; 1; 3; 2; 709
INTERNAL; 2; 7; 5; 920; INPUT; 1; 3; 2; 714
INTERNAL; 6; 9; 3; 57; INTERNAL; 4; 6; 2; 457
INTERNAL; 4; 6; 2; 457; INTERNAL; 2; 5; 3; 355
INTERNAL; 2; 5; 3; 355; INPUT; 1; 3; 2; 742
INTERNAL; 2; 5; 3; 355; INPUT; 1; 3; 2; 930
INTERNAL; 4; 6; 2; 457; INTERNAL; 3; 5; 2; 617
INTERNAL; 10; 12; 2; 63; INTERNAL; 9; 11; 2; 698
INTERNAL; 9; 11; 2; 698; INTERNAL; 8; 9; 1; 101
INTERNAL; 8; 9; 1; 101; INTERNAL; 6; 8; 2; 191
INTERNAL; 6; 8; 2; 191; INTERNAL; 4; 7; 3; 96
INTERNAL; 4; 7; 3; 96; INTERNAL; 3; 6; 3; 246
INTERNAL; 4; 7; 3; 96; INTERNAL; 2; 6; 4; 94
INTERNAL; 2; 6; 4; 94; INPUT; 1; 4; 3; 342
INTERNAL; 2; 6; 4; 94; INPUT; 1; 4; 3; 344
INTERNAL; 2; 6; 4; 94; INPUT; 1; 4; 3; 343
INTERNAL; 2; 6; 4; 94; INPUT; 1; 4; 3; 762
INTERNAL; 2; 6; 4; 94; INPUT; 1; 4; 3; 741
INTERNAL; 4; 7; 3; 96; INPUT; 1; 5; 4; 419
INTERNAL; 4; 7; 3; 96; INPUT; 1; 6; 5; 346
INTERNAL; 6; 8; 2; 191; INTERNAL; 2; 4; 2; 628
INTERNAL; 2; 4; 2; 628; INPUT; 1; 3; 2; 858
INTERNAL; 2; 4; 2; 628; INPUT; 1; 3; 2; 637
INTERNAL; 6; 8; 2; 191; INTERNAL; 5; 7; 2; 97
INTERNAL; 5; 7; 2; 97; INPUT; 1; 4; 3; 396
INTERNAL; 5; 7; 2; 97; INTERNAL; 2; 5; 3; 768
INTERNAL; 2; 5; 3; 768; INPUT; 1; 4; 3; 753
INTERNAL; 2; 5; 3; 768; INPUT; 1; 4; 3; 540
INTERNAL; 2; 5; 3; 768; INPUT; 1; 4; 3; 433
INTERNAL; 2; 5; 3; 768; INPUT; 1; 4; 3; 651
INTERNAL; 5; 7; 2; 97; INPUT; 1; 4; 3; 533
INTERNAL; 5; 7; 2; 97; INTERNAL; 4; 6; 2; 139
INTERNAL; 4; 6; 2; 139; INTERNAL; 3; 5; 2; 1065
INTERNAL; 3; 5; 2; 1065; INTERNAL; 2; 4; 2; 446
INTERNAL; 6; 8; 2; 191; INTERNAL; 3; 7; 4; 852
INTERNAL; 3; 7; 4; 852; INTERNAL; 2; 6; 4; 870
INTERNAL; 3; 7; 4; 852; INTERNAL; 2; 5; 3; 976
INTERNAL; 8; 9; 1; 101; INTERNAL; 7; 8; 1; 1005
INTERNAL; 7; 8; 1; 1005; INTERNAL; 4; 6; 2; 989
INTERNAL; 4; 6; 2; 989; INTERNAL; 3; 4; 1; 505
INTERNAL; 7; 8; 1; 1005; INTERNAL; 3; 6; 3; 514
INTERNAL; 3; 6; 3; 514; INTERNAL; 2; 4; 2; 1074
INTERNAL; 3; 6; 3; 514; INPUT; 1; 2; 1; 848
INTERNAL; 7; 8; 1; 1005; INTERNAL; 3; 7; 4; 240
INTERNAL; 3; 7; 4; 240; INTERNAL; 2; 5; 3; 706
INTERNAL; 7; 8; 1; 1005; INTERNAL; 3; 7; 4; 751
INTERNAL; 3; 7; 4; 751; INTERNAL; 2; 4; 2; 754
INTERNAL; 3; 7; 4; 751; INTERNAL; 2; 4; 2; 782
INTERNAL; 7; 8; 1; 1005; INTERNAL; 6; 7; 1; 98
INTERNAL; 6; 7; 1; 98; INTERNAL; 3; 6; 3; 256
INTERNAL; 3; 6; 3; 256; INTERNAL; 2; 4; 2; 486
INTERNAL; 6; 7; 1; 98; INTERNAL; 4; 6; 2; 560
INTERNAL; 4; 6; 2; 560; INTERNAL; 2; 4; 2; 968
INTERNAL; 9; 11; 2; 698; INTERNAL; 7; 9; 2; 99
INTERNAL; 7; 9; 2; 99; INTERNAL; 5; 7; 2; 509
INTERNAL; 5; 7; 2; 509; INTERNAL; 2; 4; 2; 608
INTERNAL; 2; 4; 2; 608; INPUT; 1; 3; 2; 740
INTERNAL; 2; 4; 2; 608; INPUT; 1; 3; 2; 462
INTERNAL; 7; 9; 2; 99; INTERNAL; 6; 8; 2; 90
INTERNAL; 6; 8; 2; 90; INTERNAL; 3; 6; 3; 507
INTERNAL; 3; 6; 3; 507; INTERNAL; 2; 5; 3; 531
INTERNAL; 6; 8; 2; 90; INTERNAL; 3; 5; 2; 703
INTERNAL; 3; 5; 2; 703; INTERNAL; 2; 4; 2; 827
INTERNAL; 6; 8; 2; 90; INTERNAL; 5; 7; 2; 291
INTERNAL; 5; 7; 2; 291; INTERNAL; 4; 6; 2; 715
INTERNAL; 6; 8; 2; 90; INTERNAL; 4; 6; 2; 648
INTERNAL; 6; 8; 2; 90; INTERNAL; 3; 6; 3; 501
INTERNAL; 3; 6; 3; 501; INTERNAL; 2; 5; 3; 593
INTERNAL; 7; 9; 2; 99; INTERNAL; 4; 7; 3; 261
INTERNAL; 9; 11; 2; 698; INTERNAL; 8; 9; 1; 100
INTERNAL; 8; 9; 1; 100; INTERNAL; 7; 8; 1; 260
INTERNAL; 7; 8; 1; 260; INTERNAL; 5; 7; 2; 705
INTERNAL; 5; 7; 2; 705; INTERNAL; 4; 6; 2; 581
INTERNAL; 4; 6; 2; 581; INTERNAL; 3; 5; 2; 938
INTERNAL; 4; 6; 2; 581; INTERNAL; 3; 4; 1; 792
INTERNAL; 3; 4; 1; 792; INTERNAL; 2; 3; 1; 516
INTERNAL; 5; 7; 2; 705; INTERNAL; 4; 6; 2; 655
INTERNAL; 4; 6; 2; 655; INTERNAL; 3; 4; 1; 606
INTERNAL; 5; 7; 2; 705; INTERNAL; 3; 6; 3; 198
INTERNAL; 5; 7; 2; 705; INTERNAL; 4; 5; 1; 760
INTERNAL; 7; 8; 1; 260; INTERNAL; 6; 7; 1; 92
INTERNAL; 8; 9; 1; 100; INTERNAL; 6; 8; 2; 93
INTERNAL; 11; 13; 2; 318; INTERNAL; 8; 12; 4; 62
INTERNAL; 8; 12; 4; 62; INTERNAL; 7; 9; 2; 626
INTERNAL; 7; 9; 2; 626; INTERNAL; 5; 8; 3; 76
INTERNAL; 5; 8; 3; 76; INTERNAL; 4; 7; 3; 170
INTERNAL; 4; 7; 3; 170; INTERNAL; 2; 5; 3; 726
INTERNAL; 5; 8; 3; 76; INTERNAL; 4; 6; 2; 296
INTERNAL; 5; 8; 3; 76; INTERNAL; 3; 7; 4; 480
INTERNAL; 7; 9; 2; 626; INTERNAL; 6; 8; 2; 496
INTERNAL; 6; 8; 2; 496; INTERNAL; 3; 6; 3; 600
INTERNAL; 6; 8; 2; 496; INTERNAL; 4; 7; 3; 931
INTERNAL; 4; 7; 3; 931; INTERNAL; 2; 5; 3; 677
INTERNAL; 7; 9; 2; 626; INTERNAL; 5; 8; 3; 77
INTERNAL; 5; 8; 3; 77; INTERNAL; 3; 7; 4; 75
INTERNAL; 3; 7; 4; 75; INPUT; 1; 4; 3; 1024
INTERNAL; 3; 7; 4; 75; INTERNAL; 2; 6; 4; 965
INTERNAL; 2; 6; 4; 965; INPUT; 1; 5; 4; 721
INTERNAL; 2; 6; 4; 965; INPUT; 1; 5; 4; 518
INTERNAL; 2; 6; 4; 965; INPUT; 1; 5; 4; 363
INTERNAL; 2; 6; 4; 965; INPUT; 1; 5; 4; 642
INTERNAL; 5; 8; 3; 77; INPUT; 1; 4; 3; 711
INTERNAL; 5; 8; 3; 77; INPUT; 1; 4; 3; 707
INTERNAL; 5; 8; 3; 77; INPUT; 1; 4; 3; 374
INTERNAL; 7; 9; 2; 626; INTERNAL; 4; 6; 2; 903
INTERNAL; 4; 6; 2; 903; INTERNAL; 2; 4; 2; 350
INTERNAL; 8; 12; 4; 62; INTERNAL; 7; 9; 2; 699
INTERNAL; 7; 9; 2; 699; INTERNAL; 6; 8; 2; 86
INTERNAL; 6; 8; 2; 86; INTERNAL; 3; 7; 4; 732
INTERNAL; 3; 7; 4; 732; INTERNAL; 2; 4; 2; 661
INTERNAL; 6; 8; 2; 86; INTERNAL; 5; 7; 2; 391
INTERNAL; 6; 8; 2; 86; INTERNAL; 4; 7; 3; 85
INTERNAL; 4; 7; 3; 85; INTERNAL; 2; 5; 3; 392
INTERNAL; 7; 9; 2; 699; INTERNAL; 6; 8; 2; 87
INTERNAL; 6; 8; 2; 87; INTERNAL; 2; 7; 5; 895
INTERNAL; 2; 7; 5; 895; INPUT; 1; 4; 3; 828
INTERNAL; 2; 7; 5; 895; INPUT; 1; 4; 3; 1036
INTERNAL; 2; 7; 5; 895; INPUT; 1; 4; 3; 889
INTERNAL; 2; 7; 5; 895; INPUT; 1; 4; 3; 826
INTERNAL; 2; 7; 5; 895; INPUT; 1; 4; 3; 393
INTERNAL; 2; 7; 5; 895; INPUT; 1; 4; 3; 1037
INTERNAL; 6; 8; 2; 87; INTERNAL; 4; 5; 1; 371
INTERNAL; 4; 5; 1; 371; INTERNAL; 2; 4; 2; 412
INTERNAL; 6; 8; 2; 87; INTERNAL; 4; 7; 3; 367
INTERNAL; 6; 8; 2; 87; INPUT; 1; 5; 4; 807
INTERNAL; 7; 9; 2; 699; INTERNAL; 4; 8; 4; 88
INTERNAL; 4; 8; 4; 88; INPUT; 1; 4; 3; 866
INTERNAL; 4; 8; 4; 88; INTERNAL; 2; 7; 5; 81
INTERNAL; 2; 7; 5; 81; INPUT; 1; 4; 3; 601
INTERNAL; 2; 7; 5; 81; INPUT; 1; 4; 3; 366
INTERNAL; 2; 7; 5; 81; INPUT; 1; 4; 3; 843
INTERNAL; 2; 7; 5; 81; INPUT; 1; 4; 3; 861
INTERNAL; 2; 7; 5; 81; INPUT; 1; 4; 3; 804
INTERNAL; 2; 7; 5; 81; INPUT; 1; 4; 3; 862
INTERNAL; 4; 8; 4; 88; INTERNAL; 3; 7; 4; 80
INTERNAL; 3; 7; 4; 80; INTERNAL; 2; 6; 4; 668
INTERNAL; 2; 6; 4; 668; INPUT; 1; 5; 4; 944
INTERNAL; 2; 6; 4; 668; INPUT; 1; 5; 4; 915
INTERNAL; 2; 6; 4; 668; INPUT; 1; 5; 4; 829
INTERNAL; 2; 6; 4; 668; INPUT; 1; 5; 4; 425
INTERNAL; 2; 6; 4; 668; INPUT; 1; 5; 4; 767
INTERNAL; 2; 6; 4; 668; INPUT; 1; 5; 4; 223
INTERNAL; 3; 7; 4; 80; INPUT; 1; 5; 4; 1041
INTERNAL; 3; 7; 4; 80; INPUT; 1; 5; 4; 1042
INTERNAL; 3; 7; 4; 80; INPUT; 1; 4; 3; 867
INTERNAL; 3; 7; 4; 80; INTERNAL; 2; 6; 4; 936
INTERNAL; 7; 9; 2; 699; INTERNAL; 5; 8; 3; 794
INTERNAL; 5; 8; 3; 794; INTERNAL; 3; 7; 4; 822
INTERNAL; 3; 7; 4; 822; INTERNAL; 2; 5; 3; 860
INTERNAL; 5; 8; 3; 794; INTERNAL; 4; 7; 3; 84
INTERNAL; 5; 8; 3; 794; INTERNAL; 3; 7; 4; 436
INTERNAL; 8; 12; 4; 62; INTERNAL; 7; 9; 2; 472
INTERNAL; 7; 9; 2; 472; INTERNAL; 5; 8; 3; 293
INTERNAL; 5; 8; 3; 293; INTERNAL; 3; 7; 4; 89
INTERNAL; 3; 7; 4; 89; INTERNAL; 2; 5; 3; 801
INTERNAL; 5; 8; 3; 293; INTERNAL; 4; 7; 3; 118
INTERNAL; 4; 7; 3; 118; INTERNAL; 2; 5; 3; 864
INTERNAL; 4; 7; 3; 118; INTERNAL; 3; 6; 3; 722
INTERNAL; 4; 7; 3; 118; INTERNAL; 3; 6; 3; 974
INTERNAL; 3; 6; 3; 974; INTERNAL; 2; 5; 3; 750
INTERNAL; 5; 8; 3; 293; INTERNAL; 2; 7; 5; 78
INTERNAL; 7; 9; 2; 472; INTERNAL; 3; 7; 4; 971
INTERNAL; 7; 9; 2; 472; INTERNAL; 6; 8; 2; 638
INTERNAL; 6; 8; 2; 638; INTERNAL; 5; 7; 2; 757
INTERNAL; 5; 7; 2; 757; INTERNAL; 2; 4; 2; 990
INTERNAL; 11; 13; 2; 318; INTERNAL; 10; 12; 2; 64
INTERNAL; 10; 12; 2; 64; INTERNAL; 8; 10; 2; 103
INTERNAL; 8; 10; 2; 103; INTERNAL; 7; 9; 2; 960
INTERNAL; 7; 9; 2; 960; INTERNAL; 3; 8; 5; 527
INTERNAL; 3; 8; 5; 527; INPUT; 1; 4; 3; 1018
INTERNAL; 3; 8; 5; 527; INPUT; 1; 4; 3; 1022
INTERNAL; 3; 8; 5; 527; INTERNAL; 2; 5; 3; 565
INTERNAL; 2; 5; 3; 565; INPUT; 1; 4; 3; 859
INTERNAL; 2; 5; 3; 565; INPUT; 1; 4; 3; 1023
INTERNAL; 3; 8; 5; 527; INPUT; 1; 4; 3; 1020
INTERNAL; 3; 8; 5; 527; INPUT; 1; 4; 3; 918
INTERNAL; 7; 9; 2; 960; INTERNAL; 3; 8; 5; 73
INTERNAL; 7; 9; 2; 960; INTERNAL; 6; 8; 2; 210
INTERNAL; 6; 8; 2; 210; INTERNAL; 3; 7; 4; 1070
INTERNAL; 6; 8; 2; 210; INTERNAL; 3; 7; 4; 671
INTERNAL; 3; 7; 4; 671; INTERNAL; 2; 5; 3; 948
INTERNAL; 7; 9; 2; 960; INTERNAL; 4; 7; 3; 550
INTERNAL; 4; 7; 3; 550; INTERNAL; 2; 6; 4; 556
INTERNAL; 7; 9; 2; 960; INTERNAL; 3; 7; 4; 954
INTERNAL; 8; 10; 2; 103; INTERNAL; 5; 9; 4; 74
INTERNAL; 8; 10; 2; 103; INTERNAL; 5; 9; 4; 143
INTERNAL; 5; 9; 4; 143; INTERNAL; 2; 5; 3; 853
INTERNAL; 2; 5; 3; 853; INPUT; 1; 3; 2; 609
INTERNAL; 2; 5; 3; 853; INPUT; 1; 3; 2; 694
INTERNAL; 5; 9; 4; 143; INTERNAL; 2; 8; 6; 613
INTERNAL; 2; 8; 6; 613; INPUT; 1; 3; 2; 841
INTERNAL; 2; 8; 6; 613; INPUT; 1; 3; 2; 380
INTERNAL; 2; 8; 6; 613; INPUT; 1; 4; 3; 383
INTERNAL; 2; 8; 6; 613; INPUT; 1; 3; 2; 987
INTERNAL; 5; 9; 4; 143; INPUT; 1; 3; 2; 431
INTERNAL; 10; 12; 2; 64; INTERNAL; 8; 10; 2; 104
INTERNAL; 10; 12; 2; 64; INTERNAL; 9; 10; 1; 152
INTERNAL; 12; 14; 2; 53; INTERNAL; 11; 13; 2; 271
INTERNAL; 11; 13; 2; 271; INTERNAL; 10; 12; 2; 744
INTERNAL; 11; 13; 2; 271; INTERNAL; 8; 12; 4; 52
INTERNAL; 14; 16; 2; 54; INTERNAL; 13; 14; 1; 55
INTERNAL; 13; 14; 1; 55; INTERNAL; 11; 13; 2; 365
INTERNAL; 11; 13; 2; 365; INTERNAL; 7; 11; 4; 653
INTERNAL; 7; 11; 4; 653; INTERNAL; 5; 10; 5; 221
INTERNAL; 5; 10; 5; 221; INTERNAL; 3; 8; 5; 571
INTERNAL; 5; 10; 5; 221; INTERNAL; 3; 6; 3; 727
INTERNAL; 5; 10; 5; 221; INTERNAL; 2; 4; 2; 700
INTERNAL; 5; 10; 5; 221; INTERNAL; 4; 9; 5; 70
INTERNAL; 7; 11; 4; 653; INTERNAL; 6; 10; 4; 71
INTERNAL; 6; 10; 4; 71; INTERNAL; 5; 9; 4; 632
INTERNAL; 5; 9; 4; 632; INTERNAL; 4; 7; 3; 437
INTERNAL; 5; 9; 4; 632; INTERNAL; 3; 5; 2; 519
INTERNAL; 7; 11; 4; 653; INTERNAL; 6; 10; 4; 72
INTERNAL; 11; 13; 2; 365; INTERNAL; 7; 11; 4; 105
INTERNAL; 7; 11; 4; 105; INTERNAL; 4; 10; 6; 69
INTERNAL; 4; 10; 6; 69; INTERNAL; 3; 8; 5; 385
INTERNAL; 7; 11; 4; 105; INTERNAL; 6; 10; 4; 68
INTERNAL; 6; 10; 4; 68; INTERNAL; 3; 6; 3; 670
INTERNAL; 7; 11; 4; 105; INTERNAL; 4; 6; 2; 780
INTERNAL; 11; 13; 2; 365; INTERNAL; 10; 11; 1; 106
INTERNAL; 13; 14; 1; 55; INTERNAL; 11; 13; 2; 313
INTERNAL; 13; 14; 1; 55; INTERNAL; 12; 13; 1; 66
INTERNAL; 12; 13; 1; 66; INTERNAL; 7; 12; 5; 107
INTERNAL; 7; 12; 5; 107; INTERNAL; 6; 11; 5; 67
INTERNAL; 12; 13; 1; 66; INTERNAL; 11; 12; 1; 109
UNKNOWN; -1; -1; -1; -1; OUTPUT; 12; 17; 5; 6
OUTPUT; 12; 17; 5; 6; INTERNAL; 11; 16; 5; 478
INTERNAL; 11; 16; 5; 478; INTERNAL; 10; 12; 2; 980
INTERNAL; 10; 12; 2; 980; INTERNAL; 6; 11; 5; 1001
INTERNAL; 6; 11; 5; 1001; INTERNAL; 2; 10; 8; 1055
INTERNAL; 6; 11; 5; 1001; INTERNAL; 5; 10; 5; 272
INTERNAL; 5; 10; 5; 272; INTERNAL; 3; 9; 6; 265
INTERNAL; 3; 9; 6; 265; INTERNAL; 2; 7; 5; 303
INTERNAL; 2; 7; 5; 303; INPUT; 1; 4; 3; 995
INTERNAL; 2; 7; 5; 303; INPUT; 1; 4; 3; 1053
INTERNAL; 5; 10; 5; 272; INTERNAL; 3; 6; 3; 1058
INTERNAL; 3; 6; 3; 1058; INTERNAL; 2; 5; 3; 522
INTERNAL; 5; 10; 5; 272; INTERNAL; 3; 9; 6; 772
INTERNAL; 3; 9; 6; 772; INTERNAL; 2; 5; 3; 939
INTERNAL; 2; 5; 3; 939; INPUT; 1; 4; 3; 1038
INTERNAL; 5; 10; 5; 272; INTERNAL; 4; 9; 5; 264
INTERNAL; 4; 9; 5; 264; INTERNAL; 2; 5; 3; 483
INTERNAL; 4; 9; 5; 264; INTERNAL; 3; 8; 5; 263
INTERNAL; 3; 8; 5; 263; INTERNAL; 2; 4; 2; 377
INTERNAL; 3; 8; 5; 263; INTERNAL; 2; 5; 3; 266
INTERNAL; 6; 11; 5; 1001; INTERNAL; 5; 10; 5; 270
INTERNAL; 5; 10; 5; 270; INTERNAL; 3; 8; 5; 268
INTERNAL; 3; 8; 5; 268; INPUT; 1; 4; 3; 387
INTERNAL; 5; 10; 5; 270; INTERNAL; 4; 9; 5; 278
INTERNAL; 4; 9; 5; 278; INTERNAL; 3; 5; 2; 373
INTERNAL; 4; 9; 5; 278; INTERNAL; 3; 6; 3; 883
INTERNAL; 3; 6; 3; 883; INTERNAL; 2; 5; 3; 962
INTERNAL; 4; 9; 5; 278; INTERNAL; 2; 5; 3; 817
INTERNAL; 5; 10; 5; 270; INTERNAL; 3; 7; 4; 770
INTERNAL; 3; 7; 4; 770; INTERNAL; 2; 4; 2; 769
INTERNAL; 5; 10; 5; 270; INTERNAL; 3; 9; 6; 603
INTERNAL; 6; 11; 5; 1001; INTERNAL; 4; 10; 6; 273
INTERNAL; 4; 10; 6; 273; INTERNAL; 2; 5; 3; 973
INTERNAL; 2; 5; 3; 973; INPUT; 1; 4; 3; 729
INTERNAL; 2; 5; 3; 973; INPUT; 1; 4; 3; 761
INTERNAL; 2; 5; 3; 973; INPUT; 1; 4; 3; 340
INTERNAL; 2; 5; 3; 973; INPUT; 1; 4; 3; 370
INTERNAL; 4; 10; 6; 273; INPUT; 1; 4; 3; 362
INTERNAL; 4; 10; 6; 273; INTERNAL; 3; 5; 2; 544
INTERNAL; 4; 10; 6; 273; INPUT; 1; 4; 3; 850
INTERNAL; 4; 10; 6; 273; INPUT; 1; 4; 3; 489
INTERNAL; 4; 10; 6; 273; INTERNAL; 3; 9; 6; 942
INTERNAL; 3; 9; 6; 942; INTERNAL; 2; 7; 5; 945
INTERNAL; 3; 9; 6; 942; INTERNAL; 2; 8; 6; 972
INTERNAL; 3; 9; 6; 942; INPUT; 1; 4; 3; 840
INTERNAL; 6; 11; 5; 1001; INTERNAL; 5; 10; 5; 274
INTERNAL; 5; 10; 5; 274; INTERNAL; 4; 9; 5; 262
INTERNAL; 4; 9; 5; 262; INTERNAL; 3; 8; 5; 258
INTERNAL; 3; 8; 5; 258; INTERNAL; 2; 5; 3; 1049
INTERNAL; 4; 9; 5; 262; INTERNAL; 3; 8; 5; 259
INTERNAL; 3; 8; 5; 259; INTERNAL; 2; 6; 4; 1040
INTERNAL; 3; 8; 5; 259; INTERNAL; 2; 6; 4; 1063
INTERNAL; 4; 9; 5; 262; INTERNAL; 2; 5; 3; 1060
INTERNAL; 5; 10; 5; 274; INTERNAL; 4; 6; 2; 643
INTERNAL; 10; 12; 2; 980; INTERNAL; 9; 11; 2; 558
INTERNAL; 9; 11; 2; 558; INTERNAL; 5; 10; 5; 289
INTERNAL; 5; 10; 5; 289; INTERNAL; 3; 9; 6; 279
INTERNAL; 3; 9; 6; 279; INTERNAL; 2; 5; 3; 793
INTERNAL; 2; 5; 3; 793; INPUT; 1; 4; 3; 435
INTERNAL; 5; 10; 5; 289; INTERNAL; 3; 9; 6; 1021
INTERNAL; 5; 10; 5; 289; INTERNAL; 3; 9; 6; 1071
INTERNAL; 5; 10; 5; 289; INTERNAL; 3; 9; 6; 736
INTERNAL; 3; 9; 6; 736; INTERNAL; 2; 6; 4; 1030
INTERNAL; 5; 10; 5; 289; INTERNAL; 4; 9; 5; 276
INTERNAL; 9; 11; 2; 558; INTERNAL; 5; 10; 5; 287
INTERNAL; 5; 10; 5; 287; INTERNAL; 4; 7; 3; 311
INTERNAL; 4; 7; 3; 311; INTERNAL; 3; 5; 2; 896
INTERNAL; 5; 10; 5; 287; INTERNAL; 2; 8; 6; 811
INTERNAL; 9; 11; 2; 558; INTERNAL; 8; 10; 2; 285
INTERNAL; 8; 10; 2; 285; INTERNAL; 7; 9; 2; 284
INTERNAL; 7; 9; 2; 284; INTERNAL; 3; 5; 2; 321
INTERNAL; 3; 5; 2; 321; INTERNAL; 2; 4; 2; 442
INTERNAL; 7; 9; 2; 284; INTERNAL; 6; 8; 2; 283
INTERNAL; 6; 8; 2; 283; INTERNAL; 5; 7; 2; 855
INTERNAL; 5; 7; 2; 855; INTERNAL; 2; 5; 3; 856
INTERNAL; 6; 8; 2; 283; INTERNAL; 2; 7; 5; 290
INTERNAL; 7; 9; 2; 284; INTERNAL; 6; 8; 2; 454
INTERNAL; 7; 9; 2; 284; INTERNAL; 3; 8; 5; 403
INTERNAL; 3; 8; 5; 403; INTERNAL; 2; 5; 3; 728
INTERNAL; 8; 10; 2; 285; INTERNAL; 4; 9; 5; 672
INTERNAL; 4; 9; 5; 672; INTERNAL; 2; 8; 6; 418
INTERNAL; 4; 9; 5; 672; INTERNAL; 3; 8; 5; 997
INTERNAL; 8; 10; 2; 285; INTERNAL; 4; 9; 5; 554
INTERNAL; 4; 9; 5; 554; INTERNAL; 2; 8; 6; 281
INTERNAL; 10; 12; 2; 980; INTERNAL; 9; 11; 2; 1000
INTERNAL; 9; 11; 2; 1000; INTERNAL; 7; 10; 3; 1004
INTERNAL; 7; 10; 3; 1004; INTERNAL; 3; 8; 5; 390
INTERNAL; 7; 10; 3; 1004; INTERNAL; 4; 9; 5; 301
INTERNAL; 4; 9; 5; 301; INTERNAL; 2; 8; 6; 871
INTERNAL; 4; 9; 5; 301; INTERNAL; 2; 8; 6; 292
INTERNAL; 4; 9; 5; 301; INTERNAL; 3; 7; 4; 432
INTERNAL; 7; 10; 3; 1004; INTERNAL; 4; 9; 5; 543
INTERNAL; 4; 9; 5; 543; INTERNAL; 2; 8; 6; 795
INTERNAL; 4; 9; 5; 543; INTERNAL; 3; 8; 5; 1068
INTERNAL; 7; 10; 3; 1004; INTERNAL; 6; 9; 3; 299
INTERNAL; 6; 9; 3; 299; INTERNAL; 5; 5; 0; 914
INTERNAL; 6; 9; 3; 299; INTERNAL; 4; 8; 4; 297
INTERNAL; 4; 8; 4; 297; INTERNAL; 3; 6; 3; 324
INTERNAL; 6; 9; 3; 299; INTERNAL; 5; 8; 3; 295
INTERNAL; 5; 8; 3; 295; INTERNAL; 3; 6; 3; 294
INTERNAL; 3; 6; 3; 294; INTERNAL; 2; 4; 2; 627
INTERNAL; 5; 8; 3; 295; INTERNAL; 3; 6; 3; 1043
INTERNAL; 5; 8; 3; 295; INTERNAL; 4; 7; 3; 469
INTERNAL; 7; 10; 3; 1004; INTERNAL; 3; 7; 4; 1047
INTERNAL; 7; 10; 3; 1004; INTERNAL; 4; 9; 5; 341
INTERNAL; 4; 9; 5; 341; INTERNAL; 3; 6; 3; 345
INTERNAL; 9; 11; 2; 1000; INTERNAL; 8; 10; 2; 718
INTERNAL; 8; 10; 2; 718; INTERNAL; 7; 9; 2; 328
INTERNAL; 7; 9; 2; 328; INTERNAL; 4; 8; 4; 530
INTERNAL; 4; 8; 4; 530; INTERNAL; 3; 5; 2; 730
INTERNAL; 4; 8; 4; 530; INTERNAL; 3; 7; 4; 926
INTERNAL; 3; 7; 4; 926; INTERNAL; 2; 5; 3; 487
INTERNAL; 7; 9; 2; 328; INTERNAL; 4; 8; 4; 1031
INTERNAL; 4; 8; 4; 1031; INTERNAL; 3; 5; 2; 921
INTERNAL; 7; 9; 2; 328; INTERNAL; 4; 8; 4; 325
INTERNAL; 4; 8; 4; 325; INTERNAL; 3; 6; 3; 319
INTERNAL; 4; 8; 4; 325; INTERNAL; 3; 7; 4; 886
INTERNAL; 7; 9; 2; 328; INTERNAL; 3; 7; 4; 646
INTERNAL; 7; 9; 2; 328; INTERNAL; 6; 8; 2; 561
INTERNAL; 6; 8; 2; 561; INTERNAL; 5; 7; 2; 322
INTERNAL; 5; 7; 2; 322; INTERNAL; 3; 6; 3; 400
INTERNAL; 3; 6; 3; 400; INTERNAL; 2; 5; 3; 464
INTERNAL; 5; 7; 2; 322; INTERNAL; 4; 6; 2; 564
INTERNAL; 4; 6; 2; 564; INTERNAL; 2; 5; 3; 316
INTERNAL; 6; 8; 2; 561; INTERNAL; 4; 7; 3; 323
INTERNAL; 4; 7; 3; 323; INTERNAL; 3; 6; 3; 315
INTERNAL; 3; 6; 3; 315; INTERNAL; 2; 4; 2; 1034
INTERNAL; 4; 7; 3; 323; INTERNAL; 2; 5; 3; 1015
INTERNAL; 7; 9; 2; 328; INTERNAL; 3; 7; 4; 658
INTERNAL; 8; 10; 2; 718; INTERNAL; 7; 9; 2; 326
INTERNAL; 7; 9; 2; 326; INTERNAL; 6; 8; 2; 314
INTERNAL; 6; 8; 2; 314; INTERNAL; 4; 7; 3; 306
INTERNAL; 4; 7; 3; 306; INTERNAL; 3; 6; 3; 956
INTERNAL; 4; 7; 3; 306; INTERNAL; 3; 6; 3; 305
INTERNAL; 3; 6; 3; 305; INTERNAL; 2; 5; 3; 897
INTERNAL; 6; 8; 2; 314; INTERNAL; 4; 6; 2; 766
INTERNAL; 4; 6; 2; 766; INTERNAL; 3; 5; 2; 498
INTERNAL; 6; 8; 2; 314; INTERNAL; 2; 7; 5; 532
INTERNAL; 7; 9; 2; 326; INTERNAL; 4; 8; 4; 950
INTERNAL; 4; 8; 4; 950; INTERNAL; 3; 7; 4; 682
INTERNAL; 4; 8; 4; 950; INTERNAL; 2; 5; 3; 467
INTERNAL; 7; 9; 2; 326; INTERNAL; 6; 8; 2; 690
INTERNAL; 6; 8; 2; 690; INTERNAL; 4; 7; 3; 302
INTERNAL; 4; 7; 3; 302; INTERNAL; 2; 4; 2; 570
INTERNAL; 4; 7; 3; 302; INTERNAL; 3; 6; 3; 818
INTERNAL; 7; 9; 2; 326; INTERNAL; 3; 5; 2; 940
INTERNAL; 7; 9; 2; 326; INTERNAL; 6; 8; 2; 888
INTERNAL; 6; 8; 2; 888; INTERNAL; 5; 7; 2; 308
INTERNAL; 5; 7; 2; 308; INTERNAL; 4; 6; 2; 307
INTERNAL; 9; 11; 2; 1000; INTERNAL; 8; 10; 2; 1003
INTERNAL; 8; 10; 2; 1003; INTERNAL; 6; 9; 3; 539
INTERNAL; 6; 9; 3; 539; INTERNAL; 4; 8; 4; 1069
INTERNAL; 4; 8; 4; 1069; INTERNAL; 2; 7; 5; 329
INTERNAL; 4; 8; 4; 1069; INTERNAL; 2; 5; 3; 488
INTERNAL; 6; 9; 3; 539; INTERNAL; 5; 8; 3; 1073
INTERNAL; 5; 8; 3; 1073; INTERNAL; 2; 7; 5; 737
INTERNAL; 5; 8; 3; 1073; INTERNAL; 2; 7; 5; 1077
INTERNAL; 5; 8; 3; 1073; INTERNAL; 4; 7; 3; 1079
INTERNAL; 4; 7; 3; 1079; INTERNAL; 3; 6; 3; 1082
INTERNAL; 4; 7; 3; 1079; INTERNAL; 3; 6; 3; 576
INTERNAL; 5; 8; 3; 1073; INTERNAL; 2; 7; 5; 1078
INTERNAL; 6; 9; 3; 539; INTERNAL; 5; 8; 3; 1050
INTERNAL; 5; 8; 3; 1050; INTERNAL; 3; 5; 2; 475
INTERNAL; 5; 8; 3; 1050; INTERNAL; 3; 6; 3; 1083
INTERNAL; 5; 8; 3; 1050; INTERNAL; 2; 7; 5; 1064
INTERNAL; 5; 8; 3; 1050; INTERNAL; 4; 7; 3; 1084
INTERNAL; 8; 10; 2; 1003; INTERNAL; 7; 9; 2; 1008
INTERNAL; 7; 9; 2; 1008; INTERNAL; 5; 8; 3; 932
INTERNAL; 5; 8; 3; 932; INTERNAL; 3; 6; 3; 676
INTERNAL; 5; 8; 3; 932; INTERNAL; 3; 7; 4; 357
INTERNAL; 3; 7; 4; 357; INTERNAL; 2; 6; 4; 799
INTERNAL; 5; 8; 3; 932; INTERNAL; 4; 7; 3; 810
INTERNAL; 4; 7; 3; 810; INTERNAL; 2; 5; 3; 908
INTERNAL; 5; 8; 3; 932; INTERNAL; 2; 7; 5; 611
INTERNAL; 7; 9; 2; 1008; INTERNAL; 6; 8; 2; 906
INTERNAL; 6; 8; 2; 906; INTERNAL; 5; 7; 2; 934
INTERNAL; 6; 8; 2; 906; INTERNAL; 3; 7; 4; 831
INTERNAL; 3; 7; 4; 831; INTERNAL; 2; 6; 4; 407
INTERNAL; 6; 8; 2; 906; INTERNAL; 3; 7; 4; 765
INTERNAL; 7; 9; 2; 1008; INTERNAL; 6; 8; 2; 1012
INTERNAL; 6; 8; 2; 1012; INTERNAL; 3; 7; 4; 639
INTERNAL; 6; 8; 2; 1012; INTERNAL; 5; 7; 2; 1025
INTERNAL; 5; 7; 2; 1025; INTERNAL; 4; 6; 2; 1033
INTERNAL; 4; 6; 2; 1033; INTERNAL; 3; 5; 2; 401
INTERNAL; 5; 7; 2; 1025; INTERNAL; 2; 6; 4; 443
INTERNAL; 6; 8; 2; 1012; INTERNAL; 3; 7; 4; 808
INTERNAL; 6; 8; 2; 1012; INTERNAL; 5; 7; 2; 957
INTERNAL; 5; 7; 2; 957; INTERNAL; 2; 4; 2; 1075
INTERNAL; 5; 7; 2; 957; INTERNAL; 2; 6; 4; 1028
INTERNAL; 5; 7; 2; 957; INTERNAL; 4; 6; 2; 949
INTERNAL; 8; 10; 2; 1003; INTERNAL; 6; 9; 3; 1010
INTERNAL; 6; 9; 3; 1010; INTERNAL; 5; 8; 3; 1019
INTERNAL; 5; 8; 3; 1019; INTERNAL; 3; 7; 4; 595
INTERNAL; 6; 9; 3; 1010; INTERNAL; 4; 8; 4; 869
INTERNAL; 4; 8; 4; 869; INTERNAL; 3; 7; 4; 604
INTERNAL; 6; 9; 3; 1010; INTERNAL; 5; 8; 3; 958
INTERNAL; 5; 8; 3; 958; INTERNAL; 3; 7; 4; 1032
INTERNAL; 5; 8; 3; 958; INTERNAL; 4; 7; 3; 1072
INTERNAL; 5; 8; 3; 958; INTERNAL; 2; 7; 5; 898
INTERNAL; 5; 8; 3; 958; INTERNAL; 3; 7; 4; 775
INTERNAL; 6; 9; 3; 1010; INTERNAL; 5; 8; 3; 441
INTERNAL; 5; 8; 3; 441; INTERNAL; 4; 7; 3; 1045
INTERNAL; 4; 7; 3; 1045; INTERNAL; 2; 5; 3; 873
INTERNAL; 4; 7; 3; 1045; INTERNAL; 3; 6; 3; 348
INTERNAL; 4; 7; 3; 1045; INTERNAL; 2; 5; 3; 1051
INTERNAL; 5; 8; 3; 441; INTERNAL; 4; 7; 3; 890
INTERNAL; 4; 7; 3; 890; INTERNAL; 3; 6; 3; 1061
INTERNAL; 4; 7; 3; 890; INTERNAL; 3; 6; 3; 1056
INTERNAL; 5; 8; 3; 441; INTERNAL; 3; 7; 4; 460
INTERNAL; 3; 7; 4; 460; INTERNAL; 2; 6; 4; 1062
INTERNAL; 5; 8; 3; 441; INTERNAL; 4; 7; 3; 623
INTERNAL; 4; 7; 3; 623; INTERNAL; 3; 6; 3; 1054
INTERNAL; 5; 8; 3; 441; INTERNAL; 4; 7; 3; 685
INTERNAL; 4; 7; 3; 685; INTERNAL; 3; 6; 3; 333
INTERNAL; 11; 16; 5; 478; INTERNAL; 7; 12; 5; 438
INTERNAL; 7; 12; 5; 438; INTERNAL; 6; 11; 5; 468
INTERNAL; 6; 11; 5; 468; INTERNAL; 5; 10; 5; 708
INTERNAL; 5; 10; 5; 708; INTERNAL; 3; 6; 3; 537
INTERNAL; 6; 11; 5; 468; INTERNAL; 3; 10; 7; 1067
INTERNAL; 6; 11; 5; 468; INTERNAL; 4; 10; 6; 629
INTERNAL; 6; 11; 5; 468; INTERNAL; 5; 10; 5; 452
INTERNAL; 5; 10; 5; 452; INTERNAL; 3; 6; 3; 332
INTERNAL; 7; 12; 5; 438; INTERNAL; 5; 11; 6; 257
INTERNAL; 5; 11; 6; 257; INTERNAL; 4; 10; 6; 255
INTERNAL; 4; 10; 6; 255; INTERNAL; 3; 9; 6; 254
INTERNAL; 11; 16; 5; 478; INTERNAL; 6; 12; 6; 796
INTERNAL; 6; 12; 6; 796; INTERNAL; 5; 11; 6; 248
INTERNAL; 5; 11; 6; 248; INTERNAL; 4; 8; 4; 247
INTERNAL; 5; 11; 6; 248; INTERNAL; 3; 10; 7; 369
INTERNAL; 6; 12; 6; 796; INTERNAL; 5; 11; 6; 339
INTERNAL; 5; 11; 6; 339; INTERNAL; 3; 10; 7; 592
INTERNAL; 5; 11; 6; 339; INTERNAL; 4; 9; 5; 786
INTERNAL; 5; 11; 6; 339; INTERNAL; 3; 10; 7; 440
INTERNAL; 3; 10; 7; 440; INTERNAL; 2; 4; 2; 414
INTERNAL; 6; 12; 6; 796; INTERNAL; 5; 11; 6; 253
INTERNAL; 5; 11; 6; 253; INTERNAL; 4; 10; 6; 1048
INTERNAL; 4; 10; 6; 1048; INTERNAL; 2; 5; 3; 937
INTERNAL; 4; 10; 6; 1048; INTERNAL; 2; 9; 7; 245
INTERNAL; 4; 10; 6; 1048; INTERNAL; 3; 9; 6; 361
INTERNAL; 6; 12; 6; 796; INTERNAL; 5; 11; 6; 250
UNKNOWN; -1; -1; -1; -1; OUTPUT; 12; 17; 5; 2
OUTPUT; 12; 17; 5; 2; INTERNAL; 11; 16; 5; 463
INTERNAL; 11; 16; 5; 463; INTERNAL; 7; 12; 5; 358
INTERNAL; 7; 12; 5; 358; INTERNAL; 4; 11; 7; 586
INTERNAL; 4; 11; 7; 586; INTERNAL; 3; 7; 4; 1080
INTERNAL; 3; 7; 4; 1080; INTERNAL; 2; 6; 4; 503
INTERNAL; 4; 11; 7; 586; INTERNAL; 3; 7; 4; 426
INTERNAL; 4; 11; 7; 586; INTERNAL; 3; 6; 3; 490
INTERNAL; 7; 12; 5; 358; INTERNAL; 6; 8; 2; 197
INTERNAL; 7; 12; 5; 358; INTERNAL; 4; 11; 7; 13
INTERNAL; 11; 16; 5; 463; INTERNAL; 10; 12; 2; 49
INTERNAL; 10; 12; 2; 49; INTERNAL; 8; 11; 3; 47
INTERNAL; 8; 11; 3; 47; INTERNAL; 7; 10; 3; 1066
INTERNAL; 7; 10; 3; 1066; INTERNAL; 5; 9; 4; 15
INTERNAL; 7; 10; 3; 1066; INTERNAL; 6; 9; 3; 534
INTERNAL; 6; 9; 3; 534; INTERNAL; 2; 7; 5; 579
INTERNAL; 7; 10; 3; 1066; INTERNAL; 4; 7; 3; 640
INTERNAL; 4; 7; 3; 640; INTERNAL; 3; 6; 3; 447
INTERNAL; 7; 10; 3; 1066; INTERNAL; 4; 9; 5; 16
INTERNAL; 4; 9; 5; 16; INTERNAL; 3; 6; 3; 449
INTERNAL; 8; 11; 3; 47; INTERNAL; 3; 5; 2; 664
INTERNAL; 8; 11; 3; 47; INTERNAL; 5; 10; 5; 382
INTERNAL; 5; 10; 5; 382; INTERNAL; 4; 9; 5; 44
INTERNAL; 8; 11; 3; 47; INTERNAL; 4; 10; 6; 788
INTERNAL; 4; 10; 6; 788; INTERNAL; 3; 6; 3; 455
INTERNAL; 10; 12; 2; 49; INTERNAL; 7; 11; 4; 286
INTERNAL; 7; 11; 4; 286; INTERNAL; 6; 10; 4; 430
INTERNAL; 6; 10; 4; 430; INTERNAL; 3; 7; 4; 40
INTERNAL; 7; 11; 4; 286; INTERNAL; 5; 10; 5; 14
INTERNAL; 5; 10; 5; 14; INTERNAL; 3; 9; 6; 983
INTERNAL; 3; 9; 6; 983; INTERNAL; 2; 7; 5; 513
INTERNAL; 5; 10; 5; 14; INTERNAL; 3; 6; 3; 33
INTERNAL; 3; 6; 3; 33; INTERNAL; 2; 5; 3; 461
INTERNAL; 7; 11; 4; 286; INTERNAL; 6; 10; 4; 800
INTERNAL; 7; 11; 4; 286; INTERNAL; 3; 6; 3; 410
INTERNAL; 10; 12; 2; 49; INTERNAL; 9; 11; 2; 48
INTERNAL; 9; 11; 2; 48; INTERNAL; 7; 10; 3; 213
INTERNAL; 7; 10; 3; 213; INTERNAL; 6; 9; 3; 23
INTERNAL; 6; 9; 3; 23; INTERNAL; 3; 8; 5; 22
INTERNAL; 3; 8; 5; 22; INTERNAL; 2; 7; 5; 394
INTERNAL; 7; 10; 3; 213; INTERNAL; 5; 9; 4; 60
INTERNAL; 5; 9; 4; 60; INTERNAL; 4; 8; 4; 17
INTERNAL; 4; 8; 4; 17; INTERNAL; 2; 6; 4; 785
INTERNAL; 4; 8; 4; 17; INTERNAL; 2; 7; 5; 317
INTERNAL; 5; 9; 4; 60; INTERNAL; 3; 8; 5; 151
INTERNAL; 5; 9; 4; 60; INTERNAL; 4; 7; 3; 169
INTERNAL; 7; 10; 3; 213; INTERNAL; 6; 9; 3; 95
INTERNAL; 6; 9; 3; 95; INTERNAL; 2; 8; 6; 20
INTERNAL; 6; 9; 3; 95; INTERNAL; 3; 8; 5; 21
INTERNAL; 3; 8; 5; 21; INTERNAL; 2; 7; 5; 18
INTERNAL; 6; 9; 3; 95; INTERNAL; 4; 8; 4; 923
INTERNAL; 4; 8; 4; 923; INTERNAL; 3; 7; 4; 19
INTERNAL; 4; 8; 4; 923; INTERNAL; 3; 7; 4; 820
INTERNAL; 6; 9; 3; 95; INTERNAL; 2; 6; 4; 124
INTERNAL; 9; 11; 2; 48; INTERNAL; 8; 10; 2; 46
INTERNAL; 8; 10; 2; 46; INTERNAL; 7; 9; 2; 43
INTERNAL; 7; 9; 2; 43; INTERNAL; 6; 8; 2; 35
INTERNAL; 6; 8; 2; 35; INTERNAL; 5; 7; 2; 34
INTERNAL; 5; 7; 2; 34; INTERNAL; 4; 6; 2; 495
INTERNAL; 5; 7; 2; 34; INTERNAL; 4; 5; 1; 791
INTERNAL; 7; 9; 2; 43; INTERNAL; 5; 8; 3; 36
INTERNAL; 5; 8; 3; 36; INTERNAL; 4; 7; 3; 32
INTERNAL; 4; 7; 3; 32; INTERNAL; 3; 6; 3; 249
INTERNAL; 5; 8; 3; 36; INTERNAL; 3; 6; 3; 778
INTERNAL; 5; 8; 3; 36; INTERNAL; 2; 4; 2; 725
INTERNAL; 5; 8; 3; 36; INTERNAL; 4; 7; 3; 31
INTERNAL; 7; 9; 2; 43; INTERNAL; 5; 8; 3; 1046
INTERNAL; 7; 9; 2; 43; INTERNAL; 4; 8; 4; 37
INTERNAL; 4; 8; 4; 37; INTERNAL; 2; 7; 5; 635
INTERNAL; 4; 8; 4; 37; INTERNAL; 3; 5; 2; 625
INTERNAL; 4; 8; 4; 37; INTERNAL; 3; 7; 4; 900
INTERNAL; 3; 7; 4; 900; INTERNAL; 2; 5; 3; 555
INTERNAL; 4; 8; 4; 37; INTERNAL; 3; 7; 4; 30
INTERNAL; 4; 8; 4; 37; INTERNAL; 3; 6; 3; 397
INTERNAL; 3; 6; 3; 397; INTERNAL; 2; 5; 3; 615
INTERNAL; 8; 10; 2; 46; INTERNAL; 7; 9; 2; 624
INTERNAL; 7; 9; 2; 624; INTERNAL; 6; 8; 2; 717
INTERNAL; 6; 8; 2; 717; INTERNAL; 3; 6; 3; 451
INTERNAL; 6; 8; 2; 717; INTERNAL; 4; 7; 3; 424
INTERNAL; 4; 7; 3; 424; INTERNAL; 2; 6; 4; 126
INTERNAL; 7; 9; 2; 624; INTERNAL; 5; 8; 3; 29
INTERNAL; 5; 8; 3; 29; INTERNAL; 2; 7; 5; 880
INTERNAL; 7; 9; 2; 624; INTERNAL; 5; 8; 3; 689
INTERNAL; 5; 8; 3; 689; INTERNAL; 4; 7; 3; 28
INTERNAL; 4; 7; 3; 28; INTERNAL; 3; 6; 3; 597
INTERNAL; 4; 7; 3; 28; INTERNAL; 2; 6; 4; 27
INTERNAL; 5; 8; 3; 689; INTERNAL; 3; 7; 4; 411
INTERNAL; 8; 10; 2; 46; INTERNAL; 7; 9; 2; 589
INTERNAL; 7; 9; 2; 589; INTERNAL; 5; 8; 3; 42
INTERNAL; 5; 8; 3; 42; INTERNAL; 3; 7; 4; 39
INTERNAL; 7; 9; 2; 589; INTERNAL; 6; 8; 2; 135
INTERNAL; 6; 8; 2; 135; INTERNAL; 3; 6; 3; 723
INTERNAL; 3; 6; 3; 723; INTERNAL; 2; 5; 3; 787
INTERNAL; 7; 9; 2; 589; INTERNAL; 6; 8; 2; 117
INTERNAL; 6; 8; 2; 117; INTERNAL; 2; 7; 5; 476
INTERNAL; 7; 9; 2; 589; INTERNAL; 5; 8; 3; 41
INTERNAL; 5; 8; 3; 41; INTERNAL; 4; 7; 3; 1052
INTERNAL; 4; 7; 3; 1052; INTERNAL; 3; 6; 3; 38
INTERNAL; 9; 11; 2; 48; INTERNAL; 8; 10; 2; 45
INTERNAL; 8; 10; 2; 45; INTERNAL; 7; 9; 2; 26
INTERNAL; 7; 9; 2; 26; INTERNAL; 6; 8; 2; 24
INTERNAL; 6; 8; 2; 24; INTERNAL; 4; 7; 3; 577
INTERNAL; 7; 9; 2; 26; INTERNAL; 4; 8; 4; 583
INTERNAL; 4; 8; 4; 583; INTERNAL; 3; 7; 4; 704
INTERNAL; 7; 9; 2; 26; INTERNAL; 5; 8; 3; 1013
INTERNAL; 8; 10; 2; 45; INTERNAL; 7; 9; 2; 309
INTERNAL; 7; 9; 2; 309; INTERNAL; 6; 8; 2; 448
INTERNAL; 7; 9; 2; 309; INTERNAL; 5; 8; 3; 660
INTERNAL; 7; 9; 2; 309; INTERNAL; 4; 8; 4; 686
INTERNAL; 8; 10; 2; 45; INTERNAL; 7; 9; 2; 25
INTERNAL; 7; 9; 2; 25; INTERNAL; 6; 8; 2; 375
INTERNAL; 7; 9; 2; 25; INTERNAL; 5; 8; 3; 491
INTERNAL; 5; 8; 3; 491; INTERNAL; 3; 6; 3; 649
UNKNOWN; -1; -1; -1; -1; OUTPUT; 14; 17; 3; 372
OUTPUT; 14; 17; 3; 372; INTERNAL; 13; 16; 3; 65
UNKNOWN; -1; -1; -1; -1; OUTPUT; 15; 17; 2; 588
OUTPUT; 15; 17; 2; 588; INTERNAL; 14; 16; 2; 825
INTERNAL; 14; 16; 2; 825; INTERNAL; 12; 13; 1; 947
INTERNAL; 12; 13; 1; 947; INTERNAL; 7; 12; 5; 951
INTERNAL; 7; 12; 5; 951; INTERNAL; 2; 10; 8; 842
INTERNAL; 7; 12; 5; 951; INTERNAL; 6; 11; 5; 378
INTERNAL; 6; 11; 5; 378; INTERNAL; 4; 6; 2; 607
INTERNAL; 6; 11; 5; 378; INTERNAL; 2; 10; 8; 978
INTERNAL; 6; 11; 5; 378; INTERNAL; 3; 6; 3; 572
INTERNAL; 7; 12; 5; 951; INTERNAL; 3; 10; 7; 849
INTERNAL; 7; 12; 5; 951; INTERNAL; 4; 6; 2; 456
INTERNAL; 12; 13; 1; 947; INTERNAL; 11; 12; 1; 674
INTERNAL; 11; 12; 1; 674; INTERNAL; 7; 10; 3; 665
INTERNAL; 7; 10; 3; 665; INTERNAL; 6; 9; 3; 812
INTERNAL; 6; 9; 3; 812; INTERNAL; 5; 8; 3; 815
INTERNAL; 6; 9; 3; 812; INTERNAL; 4; 6; 2; 904
INTERNAL; 6; 9; 3; 812; INTERNAL; 3; 8; 5; 695
INTERNAL; 6; 9; 3; 812; INTERNAL; 4; 7; 3; 809
INTERNAL; 7; 10; 3; 665; INTERNAL; 5; 9; 4; 813
INTERNAL; 5; 9; 4; 813; INTERNAL; 4; 8; 4; 830
INTERNAL; 4; 8; 4; 830; INTERNAL; 3; 5; 2; 779
INTERNAL; 4; 8; 4; 830; INTERNAL; 3; 7; 4; 838
INTERNAL; 5; 9; 4; 813; INTERNAL; 3; 8; 5; 821
INTERNAL; 5; 9; 4; 813; INTERNAL; 4; 8; 4; 748
INTERNAL; 4; 8; 4; 748; INTERNAL; 3; 7; 4; 833
INTERNAL; 5; 9; 4; 813; INTERNAL; 4; 8; 4; 824
INTERNAL; 4; 8; 4; 824; INTERNAL; 3; 7; 4; 836
INTERNAL; 7; 10; 3; 665; INTERNAL; 5; 9; 4; 892
INTERNAL; 5; 9; 4; 892; INTERNAL; 2; 8; 6; 364
INTERNAL; 5; 9; 4; 892; INTERNAL; 4; 6; 2; 404
INTERNAL; 5; 9; 4; 892; INTERNAL; 3; 6; 3; 520
INTERNAL; 11; 12; 1; 674; INTERNAL; 10; 10; 0; 876
INTERNAL; 10; 10; 0; 876; INTERNAL; 9; 9; 0; 641
INTERNAL; 9; 9; 0; 641; INTERNAL; 8; 8; 0; 536
INTERNAL; 8; 8; 0; 536; INTERNAL; 5; 7; 2; 662
INTERNAL; 5; 7; 2; 662; INTERNAL; 3; 5; 2; 650
INTERNAL; 5; 7; 2; 662; INTERNAL; 4; 6; 2; 1027
INTERNAL; 5; 7; 2; 662; INTERNAL; 3; 6; 3; 814
INTERNAL; 8; 8; 0; 536; INTERNAL; 7; 7; 0; 773
INTERNAL; 7; 7; 0; 773; INTERNAL; 2; 6; 4; 806
INTERNAL; 7; 7; 0; 773; INTERNAL; 3; 6; 3; 644
INTERNAL; 7; 7; 0; 773; INTERNAL; 6; 6; 0; 678
INTERNAL; 6; 6; 0; 678; INTERNAL; 3; 5; 2; 680
INTERNAL; 6; 6; 0; 678; INTERNAL; 3; 5; 2; 652
INTERNAL; 7; 7; 0; 773; INTERNAL; 3; 6; 3; 405
INTERNAL; 8; 8; 0; 536; INTERNAL; 4; 7; 3; 758
INTERNAL; 4; 7; 3; 758; INTERNAL; 3; 6; 3; 735
INTERNAL; 4; 7; 3; 758; INTERNAL; 2; 6; 4; 771
INTERNAL; 9; 9; 0; 641; INTERNAL; 7; 8; 1; 645
INTERNAL; 7; 8; 1; 645; INTERNAL; 3; 7; 4; 524
INTERNAL; 3; 7; 4; 524; INTERNAL; 2; 5; 3; 485
INTERNAL; 7; 8; 1; 645; INTERNAL; 6; 7; 1; 701
INTERNAL; 6; 7; 1; 701; INTERNAL; 3; 6; 3; 596
INTERNAL; 6; 7; 1; 701; INTERNAL; 5; 6; 1; 745
INTERNAL; 6; 7; 1; 701; INTERNAL; 4; 6; 2; 781
INTERNAL; 7; 8; 1; 645; INTERNAL; 5; 7; 2; 716
INTERNAL; 5; 7; 2; 716; INTERNAL; 3; 6; 3; 517
INTERNAL; 7; 8; 1; 645; INTERNAL; 5; 7; 2; 384
INTERNAL; 5; 7; 2; 384; INTERNAL; 4; 6; 2; 584
INTERNAL; 4; 6; 2; 584; INTERNAL; 2; 5; 3; 466
INTERNAL; 5; 7; 2; 384; INTERNAL; 3; 5; 2; 484
INTERNAL; 5; 7; 2; 384; INTERNAL; 4; 6; 2; 511
INTERNAL; 7; 8; 1; 645; INTERNAL; 5; 7; 2; 749
INTERNAL; 10; 10; 0; 876; INTERNAL; 8; 9; 1; 512
INTERNAL; 8; 9; 1; 512; INTERNAL; 7; 8; 1; 481
INTERNAL; 7; 8; 1; 481; INTERNAL; 4; 7; 3; 337
INTERNAL; 7; 8; 1; 481; INTERNAL; 4; 7; 3; 331
INTERNAL; 4; 7; 3; 331; INTERNAL; 2; 6; 4; 805
INTERNAL; 7; 8; 1; 481; INTERNAL; 6; 7; 1; 330
INTERNAL; 6; 7; 1; 330; INTERNAL; 3; 6; 3; 614
INTERNAL; 6; 7; 1; 330; INTERNAL; 3; 6; 3; 675
INTERNAL; 6; 7; 1; 330; INTERNAL; 5; 6; 1; 673
INTERNAL; 7; 8; 1; 481; INTERNAL; 5; 7; 2; 803
INTERNAL; 5; 7; 2; 803; INTERNAL; 3; 6; 3; 450
INTERNAL; 8; 9; 1; 512; INTERNAL; 7; 8; 1; 574
INTERNAL; 7; 8; 1; 574; INTERNAL; 5; 7; 2; 688
INTERNAL; 5; 7; 2; 688; INTERNAL; 3; 6; 3; 398
INTERNAL; 7; 8; 1; 574; INTERNAL; 6; 7; 1; 359
INTERNAL; 6; 7; 1; 359; INTERNAL; 2; 6; 4; 759
INTERNAL; 6; 7; 1; 359; INTERNAL; 5; 6; 1; 865
INTERNAL; 5; 6; 1; 865; INTERNAL; 3; 5; 2; 444
INTERNAL; 5; 6; 1; 865; INTERNAL; 2; 5; 3; 356
INTERNAL; 5; 6; 1; 865; INTERNAL; 3; 5; 2; 599
INTERNAL; 7; 8; 1; 574; INTERNAL; 5; 7; 2; 525
INTERNAL; 5; 7; 2; 525; INTERNAL; 3; 6; 3; 347
INTERNAL; 3; 6; 3; 347; INTERNAL; 2; 5; 3; 353
INTERNAL; 2; 5; 3; 353; INPUT; 1; 4; 3; 538
INTERNAL; 8; 9; 1; 512; INTERNAL; 7; 8; 1; 502
INTERNAL; 7; 8; 1; 502; INTERNAL; 5; 7; 2; 891
INTERNAL; 5; 7; 2; 891; INTERNAL; 4; 6; 2; 415
INTERNAL; 4; 6; 2; 415; INTERNAL; 3; 5; 2; 857
INTERNAL; 7; 8; 1; 502; INTERNAL; 5; 7; 2; 351
INTERNAL; 5; 7; 2; 351; INTERNAL; 4; 6; 2; 562
INTERNAL; 4; 6; 2; 562; INTERNAL; 3; 5; 2; 568
INTERNAL; 4; 6; 2; 562; INTERNAL; 3; 5; 2; 546
INTERNAL; 7; 8; 1; 502; INTERNAL; 6; 7; 1; 439
INTERNAL; 6; 7; 1; 439; INTERNAL; 3; 6; 3; 666
INTERNAL; 7; 8; 1; 502; INTERNAL; 5; 7; 2; 465
INTERNAL; 5; 7; 2; 465; INTERNAL; 3; 6; 3; 943
INTERNAL; 5; 7; 2; 465; INTERNAL; 4; 6; 2; 402
INTERNAL; 4; 6; 2; 402; INTERNAL; 3; 5; 2; 389
INTERNAL; 10; 10; 0; 876; INTERNAL; 5; 9; 4; 605
INTERNAL; 12; 13; 1; 947; INTERNAL; 11; 12; 1; 1014
INTERNAL; 11; 12; 1; 1014; INTERNAL; 10; 11; 1; 952
INTERNAL; 11; 12; 1; 1014; INTERNAL; 10; 11; 1; 959
INTERNAL; 10; 11; 1; 959; INTERNAL; 8; 10; 2; 966
INTERNAL; 8; 10; 2; 966; INTERNAL; 6; 9; 3; 797
INTERNAL; 6; 9; 3; 797; INTERNAL; 5; 8; 3; 977
INTERNAL; 8; 10; 2; 966; INTERNAL; 7; 9; 2; 832
INTERNAL; 7; 9; 2; 832; INTERNAL; 4; 8; 4; 1076
INTERNAL; 4; 8; 4; 1076; INTERNAL; 3; 7; 4; 1057
INTERNAL; 7; 9; 2; 832; INTERNAL; 6; 8; 2; 975
INTERNAL; 6; 8; 2; 975; INTERNAL; 3; 7; 4; 909
INTERNAL; 6; 8; 2; 975; INTERNAL; 2; 7; 5; 913
INTERNAL; 6; 8; 2; 975; INTERNAL; 3; 7; 4; 907
INTERNAL; 7; 9; 2; 832; INTERNAL; 5; 8; 3; 619
INTERNAL; 5; 8; 3; 619; INTERNAL; 3; 7; 4; 946
INTERNAL; 3; 7; 4; 946; INTERNAL; 2; 6; 4; 922
INTERNAL; 5; 8; 3; 619; INTERNAL; 4; 6; 2; 917
INTERNAL; 5; 8; 3; 619; INTERNAL; 3; 6; 3; 633
INTERNAL; 7; 9; 2; 832; INTERNAL; 3; 8; 5; 882
INTERNAL; 7; 9; 2; 832; INTERNAL; 3; 8; 5; 823
INTERNAL; 8; 10; 2; 966; INTERNAL; 6; 9; 3; 1007
INTERNAL; 6; 9; 3; 1007; INTERNAL; 5; 8; 3; 1081
INTERNAL; 5; 8; 3; 1081; INTERNAL; 4; 7; 3; 697
INTERNAL; 10; 11; 1; 959; INTERNAL; 8; 10; 2; 964
INTERNAL; 8; 10; 2; 964; INTERNAL; 4; 9; 5; 618
INTERNAL; 8; 10; 2; 964; INTERNAL; 6; 9; 3; 878
INTERNAL; 6; 9; 3; 878; INTERNAL; 5; 8; 3; 733
INTERNAL; 8; 10; 2; 964; INTERNAL; 7; 9; 2; 969
INTERNAL; 7; 9; 2; 969; INTERNAL; 4; 8; 4; 657
INTERNAL; 4; 8; 4; 657; INTERNAL; 3; 7; 4; 933
INTERNAL; 7; 9; 2; 969; INTERNAL; 6; 8; 2; 429
INTERNAL; 6; 8; 2; 429; INTERNAL; 2; 7; 5; 526
INTERNAL; 6; 8; 2; 429; INTERNAL; 4; 7; 3; 548
INTERNAL; 10; 11; 1; 959; INTERNAL; 9; 10; 1; 622
INTERNAL; 11; 12; 1; 1014; INTERNAL; 8; 11; 3; 961
INTERNAL; 14; 16; 2; 825; INTERNAL; 12; 13; 1; 386
INTERNAL; 12; 13; 1; 386; INTERNAL; 7; 11; 4; 499
INTERNAL; 7; 11; 4; 499; INTERNAL; 6; 10; 4; 816
INTERNAL; 6; 10; 4; 816; INTERNAL; 4; 6; 2; 901
INTERNAL; 6; 10; 4; 816; INTERNAL; 2; 9; 7; 1035
INTERNAL; 6; 10; 4; 816; INTERNAL; 3; 9; 6; 567
INTERNAL; 7; 11; 4; 499; INTERNAL; 6; 10; 4; 887
INTERNAL; 6; 10; 4; 887; INTERNAL; 4; 9; 5; 523
INTERNAL; 4; 9; 5; 523; INTERNAL; 2; 8; 6; 902
INTERNAL; 7; 11; 4; 499; INTERNAL; 6; 10; 4; 881
INTERNAL; 6; 10; 4; 881; INTERNAL; 5; 9; 4; 894
INTERNAL; 12; 13; 1; 386; INTERNAL; 8; 11; 3; 566
INTERNAL; 8; 11; 3; 566; INTERNAL; 5; 10; 5; 399
INTERNAL; 8; 11; 3; 566; INTERNAL; 7; 10; 3; 846
INTERNAL; 7; 10; 3; 846; INTERNAL; 3; 9; 6; 854
INTERNAL; 7; 10; 3; 846; INTERNAL; 6; 9; 3; 851
INTERNAL; 6; 9; 3; 851; INTERNAL; 3; 6; 3; 755
INTERNAL; 8; 11; 3; 566; INTERNAL; 5; 10; 5; 844
INTERNAL; 5; 10; 5; 844; INTERNAL; 4; 9; 5; 872
INTERNAL; 4; 9; 5; 872; INTERNAL; 3; 8; 5; 877
INTERNAL; 4; 9; 5; 872; INTERNAL; 3; 8; 5; 879
INTERNAL; 5; 10; 5; 844; INTERNAL; 4; 9; 5; 702
INTERNAL; 4; 9; 5; 702; INTERNAL; 2; 8; 6; 874
INTERNAL; 4; 9; 5; 702; INTERNAL; 3; 8; 5; 875
INTERNAL; 12; 13; 1; 386; INTERNAL; 11; 11; 0; 620
INTERNAL; 14; 16; 2; 825; INTERNAL; 13; 13; 0; 941
INTERNAL; 13; 13; 0; 941; INTERNAL; 8; 12; 4; 659
INTERNAL; 8; 12; 4; 659; INTERNAL; 6; 11; 5; 925
INTERNAL; 6; 11; 5; 925; INTERNAL; 3; 10; 7; 710
INTERNAL; 8; 12; 4; 659; INTERNAL; 7; 11; 4; 521
INTERNAL; 7; 11; 4; 521; INTERNAL; 3; 10; 7; 994
INTERNAL; 7; 11; 4; 521; INTERNAL; 6; 10; 4; 927
INTERNAL; 13; 13; 0; 941; INTERNAL; 12; 12; 0; 500
INTERNAL; 13; 13; 0; 941; INTERNAL; 8; 12; 4; 636
INTERNAL; 8; 12; 4; 636; INTERNAL; 5; 11; 6; 756
INTERNAL; 5; 11; 6; 756; INTERNAL; 4; 10; 6; 352
INTERNAL; 8; 12; 4; 636; INTERNAL; 7; 11; 4; 610
INTERNAL; 7; 11; 4; 610; INTERNAL; 2; 10; 8; 743
INTERNAL; 7; 11; 4; 610; INTERNAL; 3; 7; 4; 667
INTERNAL; 7; 11; 4; 610; INTERNAL; 6; 10; 4; 905
INTERNAL; 6; 10; 4; 905; INTERNAL; 2; 9; 7; 893
UNKNOWN; -1; -1; -1; -1; OUTPUT; 14; 17; 3; 5
OUTPUT; 14; 17; 3; 5; INTERNAL; 13; 16; 3; 229
INTERNAL; 13; 16; 3; 229; INTERNAL; 11; 14; 3; 338
INTERNAL; 11; 14; 3; 338; INTERNAL; 10; 13; 3; 226
INTERNAL; 10; 13; 3; 226; INTERNAL; 7; 12; 5; 222
INTERNAL; 7; 12; 5; 222; INTERNAL; 6; 10; 4; 236
INTERNAL; 6; 10; 4; 236; INTERNAL; 5; 9; 4; 231
INTERNAL; 7; 12; 5; 222; INTERNAL; 6; 10; 4; 235
INTERNAL; 7; 12; 5; 222; INTERNAL; 5; 10; 5; 233
INTERNAL; 10; 13; 3; 226; INTERNAL; 9; 12; 3; 225
INTERNAL; 9; 12; 3; 225; INTERNAL; 4; 11; 7; 237
INTERNAL; 4; 11; 7; 237; INTERNAL; 3; 7; 4; 1017
INTERNAL; 9; 12; 3; 225; INTERNAL; 7; 11; 4; 238
INTERNAL; 9; 12; 3; 225; INTERNAL; 8; 11; 3; 239
INTERNAL; 11; 14; 3; 338; INTERNAL; 10; 13; 3; 252
INTERNAL; 10; 13; 3; 252; INTERNAL; 8; 12; 4; 553
INTERNAL; 10; 13; 3; 252; INTERNAL; 9; 12; 3; 241
INTERNAL; 10; 13; 3; 252; INTERNAL; 9; 12; 3; 243
INTERNAL; 13; 16; 3; 229; INTERNAL; 12; 14; 2; 230
INTERNAL; 12; 14; 2; 230; INTERNAL; 10; 13; 3; 535
INTERNAL; 12; 14; 2; 230; INTERNAL; 11; 13; 2; 684
INTERNAL; 12; 14; 2; 230; INTERNAL; 10; 13; 3; 696
UNKNOWN; -1; -1; -1; -1; OUTPUT; 15; 17; 2; 459
OUTPUT; 15; 17; 2; 459; INTERNAL; 14; 16; 2; 300
INTERNAL; 14; 16; 2; 300; INTERNAL; 10; 15; 5; 573
INTERNAL; 10; 15; 5; 573; INTERNAL; 8; 12; 4; 953
INTERNAL; 8; 12; 4; 953; INTERNAL; 5; 10; 5; 282
INTERNAL; 5; 10; 5; 282; INTERNAL; 3; 6; 3; 202
INTERNAL; 3; 6; 3; 202; INTERNAL; 2; 5; 3; 201
INTERNAL; 8; 12; 4; 953; INTERNAL; 5; 10; 5; 669
INTERNAL; 5; 10; 5; 669; INTERNAL; 4; 9; 5; 719
INTERNAL; 4; 9; 5; 719; INTERNAL; 2; 7; 5; 153
INTERNAL; 4; 9; 5; 719; INTERNAL; 3; 7; 4; 251
INTERNAL; 5; 10; 5; 669; INTERNAL; 3; 8; 5; 155
INTERNAL; 3; 8; 5; 155; INTERNAL; 2; 7; 5; 165
INTERNAL; 5; 10; 5; 669; INTERNAL; 4; 7; 3; 160
INTERNAL; 4; 7; 3; 160; INTERNAL; 3; 6; 3; 196
INTERNAL; 3; 6; 3; 196; INTERNAL; 2; 5; 3; 232
INTERNAL; 5; 10; 5; 669; INTERNAL; 4; 7; 3; 150
INTERNAL; 8; 12; 4; 953; INTERNAL; 7; 10; 3; 116
INTERNAL; 7; 10; 3; 116; INTERNAL; 5; 9; 4; 194
INTERNAL; 5; 9; 4; 194; INTERNAL; 4; 6; 2; 929
INTERNAL; 4; 6; 2; 929; INTERNAL; 2; 5; 3; 1016
INTERNAL; 4; 6; 2; 929; INTERNAL; 3; 5; 2; 747
INTERNAL; 5; 9; 4; 194; INTERNAL; 4; 7; 3; 148
INTERNAL; 4; 7; 3; 148; INTERNAL; 3; 6; 3; 598
INTERNAL; 7; 10; 3; 116; INTERNAL; 3; 7; 4; 687
INTERNAL; 7; 10; 3; 116; INTERNAL; 6; 9; 3; 115
INTERNAL; 6; 9; 3; 115; INTERNAL; 3; 7; 4; 177
INTERNAL; 7; 10; 3; 116; INTERNAL; 4; 9; 5; 428
INTERNAL; 10; 15; 5; 573; INTERNAL; 9; 12; 3; 863
INTERNAL; 9; 12; 3; 863; INTERNAL; 8; 11; 3; 591
INTERNAL; 8; 11; 3; 591; INTERNAL; 7; 9; 2; 204
INTERNAL; 7; 9; 2; 204; INTERNAL; 4; 8; 4; 1044
INTERNAL; 4; 8; 4; 1044; INTERNAL; 3; 7; 4; 157
INTERNAL; 4; 8; 4; 1044; INTERNAL; 2; 7; 5; 336
INTERNAL; 7; 9; 2; 204; INTERNAL; 6; 8; 2; 161
INTERNAL; 6; 8; 2; 161; INTERNAL; 5; 7; 2; 159
INTERNAL; 5; 7; 2; 159; INTERNAL; 3; 6; 3; 919
INTERNAL; 6; 8; 2; 161; INTERNAL; 5; 7; 2; 158
INTERNAL; 7; 9; 2; 204; INTERNAL; 6; 8; 2; 162
INTERNAL; 6; 8; 2; 162; INTERNAL; 5; 7; 2; 224
INTERNAL; 5; 7; 2; 224; INTERNAL; 3; 6; 3; 654
INTERNAL; 5; 7; 2; 224; INTERNAL; 4; 6; 2; 602
INTERNAL; 5; 7; 2; 224; INTERNAL; 3; 6; 3; 275
INTERNAL; 3; 6; 3; 275; INTERNAL; 2; 5; 3; 482
INTERNAL; 8; 11; 3; 591; INTERNAL; 7; 9; 2; 163
INTERNAL; 7; 9; 2; 163; INTERNAL; 6; 8; 2; 149
INTERNAL; 7; 9; 2; 163; INTERNAL; 6; 8; 2; 506
INTERNAL; 6; 8; 2; 506; INTERNAL; 5; 7; 2; 147
INTERNAL; 6; 8; 2; 506; INTERNAL; 4; 7; 3; 868
INTERNAL; 4; 7; 3; 868; INTERNAL; 3; 6; 3; 227
INTERNAL; 7; 9; 2; 163; INTERNAL; 2; 8; 6; 1026
INTERNAL; 8; 11; 3; 591; INTERNAL; 7; 9; 2; 164
INTERNAL; 7; 9; 2; 164; INTERNAL; 5; 8; 3; 242
INTERNAL; 7; 9; 2; 164; INTERNAL; 5; 8; 3; 156
INTERNAL; 7; 9; 2; 164; INTERNAL; 6; 8; 2; 335
INTERNAL; 6; 8; 2; 335; INTERNAL; 3; 7; 4; 304
INTERNAL; 6; 8; 2; 335; INTERNAL; 5; 7; 2; 154
INTERNAL; 9; 12; 3; 863; INTERNAL; 8; 11; 3; 837
INTERNAL; 14; 16; 2; 300; INTERNAL; 11; 15; 4; 111
INTERNAL; 11; 15; 4; 111; INTERNAL; 10; 13; 3; 114
INTERNAL; 10; 13; 3; 114; INTERNAL; 9; 12; 3; 119
INTERNAL; 9; 12; 3; 119; INTERNAL; 6; 10; 4; 212
INTERNAL; 6; 10; 4; 212; INTERNAL; 5; 9; 4; 146
INTERNAL; 6; 10; 4; 212; INTERNAL; 5; 9; 4; 395
INTERNAL; 5; 9; 4; 395; INTERNAL; 3; 8; 5; 327
INTERNAL; 6; 10; 4; 212; INTERNAL; 3; 9; 6; 789
INTERNAL; 6; 10; 4; 212; INTERNAL; 5; 9; 4; 145
INTERNAL; 5; 9; 4; 145; INTERNAL; 4; 8; 4; 144
INTERNAL; 4; 8; 4; 144; INTERNAL; 2; 7; 5; 288
INTERNAL; 4; 8; 4; 144; INTERNAL; 3; 7; 4; 179
INTERNAL; 3; 7; 4; 179; INTERNAL; 2; 6; 4; 549
INTERNAL; 5; 9; 4; 145; INTERNAL; 4; 8; 4; 713
INTERNAL; 4; 8; 4; 713; INTERNAL; 3; 7; 4; 140
INTERNAL; 4; 8; 4; 713; INTERNAL; 2; 7; 5; 142
INTERNAL; 4; 8; 4; 713; INTERNAL; 3; 7; 4; 557
INTERNAL; 5; 9; 4; 145; INTERNAL; 3; 8; 5; 184
INTERNAL; 5; 9; 4; 145; INTERNAL; 3; 7; 4; 182
INTERNAL; 9; 12; 3; 119; INTERNAL; 8; 10; 2; 559
INTERNAL; 8; 10; 2; 559; INTERNAL; 7; 9; 2; 209
INTERNAL; 7; 9; 2; 209; INTERNAL; 5; 8; 3; 173
INTERNAL; 5; 8; 3; 173; INTERNAL; 4; 7; 3; 269
INTERNAL; 4; 7; 3; 269; INTERNAL; 3; 6; 3; 924
INTERNAL; 7; 9; 2; 209; INTERNAL; 6; 8; 2; 172
INTERNAL; 6; 8; 2; 172; INTERNAL; 5; 7; 2; 171
INTERNAL; 5; 7; 2; 171; INTERNAL; 3; 6; 3; 168
INTERNAL; 7; 9; 2; 209; INTERNAL; 4; 8; 4; 174
INTERNAL; 4; 8; 4; 174; INTERNAL; 3; 7; 4; 473
INTERNAL; 3; 7; 4; 473; INTERNAL; 2; 6; 4; 166
INTERNAL; 4; 8; 4; 174; INTERNAL; 3; 7; 4; 167
INTERNAL; 8; 10; 2; 559; INTERNAL; 7; 9; 2; 955
INTERNAL; 7; 9; 2; 955; INTERNAL; 5; 8; 3; 192
INTERNAL; 5; 8; 3; 192; INTERNAL; 4; 7; 3; 185
INTERNAL; 4; 7; 3; 185; INTERNAL; 3; 6; 3; 183
INTERNAL; 4; 7; 3; 185; INTERNAL; 3; 6; 3; 545
INTERNAL; 4; 7; 3; 185; INTERNAL; 3; 6; 3; 783
INTERNAL; 5; 8; 3; 192; INTERNAL; 4; 7; 3; 186
INTERNAL; 4; 7; 3; 186; INTERNAL; 3; 6; 3; 280
INTERNAL; 7; 9; 2; 955; INTERNAL; 4; 8; 4; 189
INTERNAL; 7; 9; 2; 955; INTERNAL; 4; 8; 4; 193
INTERNAL; 4; 8; 4; 193; INTERNAL; 3; 7; 4; 178
INTERNAL; 3; 7; 4; 178; INTERNAL; 2; 6; 4; 388
INTERNAL; 4; 8; 4; 193; INTERNAL; 3; 7; 4; 234
INTERNAL; 4; 8; 4; 193; INTERNAL; 3; 7; 4; 175
INTERNAL; 7; 9; 2; 955; INTERNAL; 6; 8; 2; 190
INTERNAL; 6; 8; 2; 190; INTERNAL; 3; 7; 4; 839
INTERNAL; 8; 10; 2; 559; INTERNAL; 7; 9; 2; 211
INTERNAL; 7; 9; 2; 211; INTERNAL; 6; 8; 2; 208
INTERNAL; 6; 8; 2; 208; INTERNAL; 5; 7; 2; 1011
INTERNAL; 5; 7; 2; 1011; INTERNAL; 4; 6; 2; 195
INTERNAL; 6; 8; 2; 208; INTERNAL; 5; 7; 2; 199
INTERNAL; 7; 9; 2; 211; INTERNAL; 6; 8; 2; 912
INTERNAL; 6; 8; 2; 912; INTERNAL; 5; 7; 2; 207
INTERNAL; 5; 7; 2; 207; INTERNAL; 4; 6; 2; 200
INTERNAL; 6; 8; 2; 912; INTERNAL; 5; 7; 2; 228
INTERNAL; 6; 8; 2; 912; INTERNAL; 5; 7; 2; 205
INTERNAL; 9; 12; 3; 119; INTERNAL; 8; 10; 2; 445
INTERNAL; 10; 13; 3; 114; INTERNAL; 8; 12; 4; 720
INTERNAL; 10; 13; 3; 114; INTERNAL; 9; 12; 3; 928
INTERNAL; 11; 15; 4; 111; INTERNAL; 10; 13; 3; 113
INTERNAL; 14; 16; 2; 300; INTERNAL; 13; 15; 2; 112
INTERNAL; 13; 15; 2; 112; INTERNAL; 12; 14; 2; 203
INTERNAL; 12; 14; 2; 203; INTERNAL; 10; 13; 3; 121
INTERNAL; 10; 13; 3; 121; INTERNAL; 6; 11; 5; 214
INTERNAL; 6; 11; 5; 214; INTERNAL; 5; 10; 5; 1039
INTERNAL; 5; 10; 5; 1039; INTERNAL; 4; 9; 5; 128
INTERNAL; 4; 9; 5; 128; INTERNAL; 2; 8; 6; 354
INTERNAL; 6; 11; 5; 214; INTERNAL; 5; 10; 5; 679
INTERNAL; 5; 10; 5; 679; INTERNAL; 4; 9; 5; 131
INTERNAL; 4; 9; 5; 131; INTERNAL; 3; 8; 5; 129
INTERNAL; 4; 9; 5; 131; INTERNAL; 2; 8; 6; 130
INTERNAL; 10; 13; 3; 121; INTERNAL; 7; 11; 4; 215
INTERNAL; 7; 11; 4; 215; INTERNAL; 4; 10; 6; 594
INTERNAL; 7; 11; 4; 215; INTERNAL; 5; 10; 5; 138
INTERNAL; 5; 10; 5; 138; INTERNAL; 4; 9; 5; 334
INTERNAL; 7; 11; 4; 215; INTERNAL; 6; 10; 4; 137
INTERNAL; 6; 10; 4; 137; INTERNAL; 4; 9; 5; 134
INTERNAL; 4; 9; 5; 134; INTERNAL; 3; 8; 5; 132
INTERNAL; 6; 10; 4; 137; INTERNAL; 2; 9; 7; 136
INTERNAL; 7; 11; 4; 215; INTERNAL; 5; 10; 5; 277
INTERNAL; 10; 13; 3; 121; INTERNAL; 9; 11; 2; 216
INTERNAL; 12; 14; 2; 203; INTERNAL; 11; 13; 2; 122
INTERNAL; 11; 13; 2; 122; INTERNAL; 7; 12; 5; 416
INTERNAL; 7; 12; 5; 416; INTERNAL; 6; 11; 5; 376
INTERNAL; 6; 11; 5; 376; INTERNAL; 3; 10; 7; 802
INTERNAL; 6; 11; 5; 376; INTERNAL; 4; 10; 6; 123
INTERNAL; 7; 12; 5; 416; INTERNAL; 5; 11; 6; 494
INTERNAL; 7; 12; 5; 416; INTERNAL; 3; 11; 8; 125
INTERNAL; 7; 12; 5; 416; INTERNAL; 4; 11; 7; 127
INTERNAL; 4; 11; 7; 127; INTERNAL; 2; 10; 8; 984
INTERNAL; 4; 11; 7; 127; INTERNAL; 3; 10; 7; 845
INTERNAL; 11; 13; 2; 122; INTERNAL; 10; 12; 2; 217
INTERNAL; 12; 14; 2; 203; INTERNAL; 10; 13; 3; 120
INTERNAL; 13; 15; 2; 112; INTERNAL; 11; 14; 3; 621
UNKNOWN; -1; -1; -1; -1; OUTPUT; 14; 17; 3; 515
OUTPUT; 14; 17; 3; 515; INTERNAL; 13; 16; 3; 563
UNKNOWN; -1; -1; -1; -1; OUTPUT; 17; 17; 0; 7
OUTPUT; 17; 17; 0; 7; INTERNAL; 16; 16; 0; 996
INTERNAL; 16; 16; 0; 996; INTERNAL; 15; 15; 0; 580
INTERNAL; 15; 15; 0; 580; INTERNAL; 14; 14; 0; 528
INTERNAL; 15; 15; 0; 580; INTERNAL; 13; 14; 1; 408
INTERNAL; 13; 14; 1; 408; INTERNAL; 12; 13; 1; 985
INTERNAL; 12; 13; 1; 985; INTERNAL; 11; 12; 1; 986
INTERNAL; 11; 12; 1; 986; INTERNAL; 8; 11; 3; 991
INTERNAL; 11; 12; 1; 986; INTERNAL; 8; 11; 3; 993
INTERNAL; 11; 12; 1; 986; INTERNAL; 10; 11; 1; 988
INTERNAL; 12; 13; 1; 985; INTERNAL; 11; 12; 1; 409
INTERNAL; 13; 14; 1; 408; INTERNAL; 12; 13; 1; 982
INTERNAL; 16; 16; 0; 996; INTERNAL; 11; 15; 4; 999
INTERNAL; 16; 16; 0; 996; INTERNAL; 12; 15; 3; 998
INTERNAL; 16; 16; 0; 996; INTERNAL; 13; 15; 2; 910
UNKNOWN; -1; -1; -1; -1; OUTPUT; 13; 17; 4; 176
OUTPUT; 13; 17; 4; 176; INTERNAL; 12; 16; 4; 267
UNKNOWN; -1; -1; -1; -1; OUTPUT; 17; 17; 0; 471
OUTPUT; 17; 17; 0; 471; INTERNAL; 16; 16; 0; 510
UNKNOWN; -1; -1; -1; -1; OUTPUT; 13; 17; 4; 91
OUTPUT; 13; 17; 4; 91; INTERNAL; 12; 16; 4; 244
UNKNOWN; -1; -1; -1; -1; OUTPUT; 16; 17; 1; 656
OUTPUT; 16; 17; 1; 656; INTERNAL; 15; 16; 1; 963
INTERNAL; 15; 16; 1; 963; INTERNAL; 14; 15; 1; 320
INTERNAL; 15; 16; 1; 963; INTERNAL; 12; 15; 3; 835
INTERNAL; 15; 16; 1; 963; INTERNAL; 11; 15; 4; 50
UNKNOWN; -1; -1; -1; -1; OUTPUT; 15; 17; 2; 834
OUTPUT; 15; 17; 2; 834; INTERNAL; 14; 16; 2; 935
INTERNAL; 14; 16; 2; 935; INTERNAL; 13; 15; 2; 479
INTERNAL; 13; 15; 2; 479; INTERNAL; 12; 14; 2; 899
INTERNAL; 12; 14; 2; 899; INTERNAL; 11; 13; 2; 739
INTERNAL; 12; 14; 2; 899; INTERNAL; 10; 13; 3; 12
INTERNAL; 12; 14; 2; 899; INTERNAL; 10; 13; 3; 206
INTERNAL; 10; 13; 3; 206; INTERNAL; 9; 12; 3; 298
INTERNAL; 9; 12; 3; 298; INTERNAL; 8; 11; 3; 916
INTERNAL; 9; 12; 3; 298; INTERNAL; 8; 11; 3; 508
INTERNAL; 8; 11; 3; 508; INTERNAL; 7; 10; 3; 847
INTERNAL; 7; 10; 3; 847; INTERNAL; 6; 9; 3; 181
INTERNAL; 8; 11; 3; 508; INTERNAL; 6; 10; 4; 11
INTERNAL; 6; 10; 4; 11; INTERNAL; 5; 9; 4; 434
INTERNAL; 8; 11; 3; 508; INTERNAL; 7; 10; 3; 1029
INTERNAL; 10; 13; 3; 206; INTERNAL; 9; 12; 3; 312
INTERNAL; 10; 13; 3; 206; INTERNAL; 8; 12; 4; 992
INTERNAL; 13; 15; 2; 479; INTERNAL; 11; 14; 3; 10
INTERNAL; 11; 14; 3; 10; INTERNAL; 10; 13; 3; 631
INTERNAL; 10; 13; 3; 631; INTERNAL; 9; 12; 3; 693
INTERNAL; 10; 13; 3; 631; INTERNAL; 8; 12; 4; 406
INTERNAL; 11; 14; 3; 10; INTERNAL; 10; 13; 3; 9
INTERNAL; 14; 16; 2; 935; INTERNAL; 10; 15; 5; 683
INTERNAL; 14; 16; 2; 935; INTERNAL; 11; 15; 4; 381
UNKNOWN; -1; -1; -1; -1; OUTPUT; 13; 17; 4; 421
OUTPUT; 13; 17; 4; 421; INTERNAL; 12; 16; 4; 108
UNKNOWN; -1; -1; -1; -1; OUTPUT; 14; 17; 3; 79
OUTPUT; 14; 17; 3; 79; INTERNAL; 13; 16; 3; 911
UNKNOWN; -1; -1; -1; -1; OUTPUT; 15; 17; 2; 612
OUTPUT; 15; 17; 2; 612; INTERNAL; 14; 16; 2; 219
INTERNAL; 14; 16; 2; 219; INTERNAL; 13; 15; 2; 220
INTERNAL; 14; 16; 2; 219; INTERNAL; 11; 15; 4; 360
INTERNAL; 14; 16; 2; 219; INTERNAL; 10; 15; 5; 663
UNKNOWN; -1; -1; -1; -1; OUTPUT; 16; 17; 1; 1009
OUTPUT; 16; 17; 1; 1009; INTERNAL; 15; 16; 1; 979
UNKNOWN; -1; -1; -1; -1; OUTPUT; 16; 17; 1; 141
OUTPUT; 16; 17; 1; 141; INTERNAL; 15; 16; 1; 51
UNKNOWN; -1; -1; -1; -1; OUTPUT; 15; 17; 2; 634
OUTPUT; 15; 17; 2; 634; INTERNAL; 14; 16; 2; 218
UNKNOWN; -1; -1; -1; -1; OUTPUT; 14; 17; 3; 493
OUTPUT; 14; 17; 3; 493; INTERNAL; 13; 16; 3; 133
UNKNOWN; -1; -1; -1; -1; OUTPUT; 15; 17; 2; 0
OUTPUT; 15; 17; 2; 0; INTERNAL; 14; 16; 2; 8
UNKNOWN; -1; -1; -1; -1; OUTPUT; 13; 17; 4; 1
OUTPUT; 13; 17; 4; 1; INTERNAL; 12; 16; 4; 187
UNKNOWN; -1; -1; -1; -1; OUTPUT; 15; 17; 2; 3
OUTPUT; 15; 17; 2; 3; INTERNAL; 14; 16; 2; 110
UNKNOWN; -1; -1; -1; -1; OUTPUT; 12; 17; 5; 4
OUTPUT; 12; 17; 5; 4; INTERNAL; 11; 16; 5; 379
